{
  "calls": 6,
  "barge_calls": 3,
  "barge_in_reaction_ms": {
    "p50": 16.285899000649806,
    "p95": 16.43866589802201,
    "p99": 16.452245177788427,
    "values": [
      16.45563999773003,
      15.843565000977833,
      16.285899000649806
    ]
  },
  "max_allowed_p95_ms": 250.0,
  "pass": true
}