{
  "calls": 12,
  "stt_first_transcript_ms": {
    "p50": 1936.8411630021,
    "p95": 2137.3218982520484,
    "p99": 2167.587177252499,
    "values": [
      1774.4041410041973,
      2175.1534970026114,
      2059.2455020014313,
      1694.394211001054,
      1900.0750099949073,
      1891.4202960004332,
      2008.55958199827,
      1938.6769160046242,
      1905.7913319993531,
      2106.368772001588,
      1935.005409999576,
      2016.505113999301
    ]
  },
  "batch_p95": [
    2157.7672977524344,
    1998.0771820992231,
    2092.889223301245
  ],
  "p95_spread_pct": 7.400710717024356,
  "stable": true,
  "max_allowed_spread_pct": 20.0
}